Trick Name,"Alternate
Name(s)",Categories,Definition,"Invented by /
 First Landed by","Year First
Landed","Reference Video Link
(original is best or clear example)","Reference 
 Time in Video",Prerequisite Trick,Optional Prerequisite Trick,"Entered /
 Last Edited by",NOTES:
1080 Side Spin,1080 Side,"spin, wrap",1080 unispin + leg wrap in same direction as unispin,,,https://www.youtube.com/watch?v=7Q5M9qMXkU0,,900 side spin,1080,Noli Ergas,
1080 Unispin,1080,spin,"feet leave pedals, unicycle turns 1080 degrees relative to ground, feet land on pedals",Adrien Delecroix,2009,https://vimeo.com/5366980,0:00,900 unispin,,Emile Mathieu,
1170 Unispin Up,,spin,,Eli Brill,,,,,,,
1260 Side Spin,1260 Side,"spin, wrap",1260 unispin + leg wrap in same direction as unispin,Eli Brill,2024,https://www.youtube.com/watch?v=TYLYeAFeBqs,,1080 side spin,1260,Trey Haun,
1260 Unispin,,spin,"feet leave pedals, unicycle turns 1260 degrees relative to ground, feet land on pedals",Eli Brill,2012,,,1080 unispin,,Noli Ergas,
180 antiside spin,,"spin, wrap","180 unispin with a leg wrap in the opposite direction of the spin (if you do the wrap with your back leg, spin toward your front foot. If you do the wrap with your front leg, spin away from your front foot) *see note for the handpass variations 180 antisides",,,,,"180 unispin, side jump",,Trey Haun,"There are three ways of doing a 180 antiside spin (three different handpasses). 1) seat out to seat in version that Pierre Sturney used for antiside flip variations. You spin the uni 180 degrees away from the leg doing the wrap, then pass the seat to your other hand as your leg wraps around the seat. 2) one handed seat out to seat in version that's more like wrapping your leg around the seat as you do an in-spin. Let go just before completing the wrap, land back on pedals. You may or may not grab the seat with your free hand for stabilization once you land. 3) Seat in to seat in version (one handed), basically a corona flip without the flip. "
180 anti backside spin,,"spin, wrap","180 backside spin but it spins the opposite direction (if you do the backside wrap around your back leg, then spin toward your front foot. if you do the backside wrap around your front leg, then spin away from your front foot)",,,https://youtu.be/G7Y9fUPDTVg?si=KIpmmqGDXKY_MJJA&t=44,0:44,"180 unispin, backside jump",,Trey Haun,
180 anti backside flip,,"spin, wrap, flip",180 anti backside spin + crank flip,,,https://youtu.be/CpIXO1P4Aqc?feature=shared&t=82,1:22,180 anti backside spin,,Trey Haun,
180 anti backside double flip,,"spin, wrap, flip",180 anti backside spin + double flip,Scott Julian,,https://youtu.be/1ZUtTN5lwyQ?feature=shared&t=251,4:11,180 anti backside flip,,Trey Haun,
180 antiside overflip,,"spin, wrap, flip",180 antiside spin followed by an overflip,Lorenz Poham?,,https://youtu.be/WnWcmxTbT_I?si=DjRQW17XQu0Zr_W1&t=73,1:14,180 antiside spin,hick over flip,Trey Haun,
180 Back Flip,,"twist, flip",180 flip with backwards wheel rotation,,,,,"180 twist, back crank flip",,Emile Mathieu,
180 body varial,body varial,"varial, spin","your body spins 180 around the unicycle (so you are spinning a 180 unispin relative to you, but the unicycle stays in place relative to the ground)",,,,,180 twist,,Trey Haun,
180 double back flip,180 double back,"twist, flip",180 double flip with backwards wheel rotation,,,,,180 back flip,,Emile Mathieu,
180 Double Flip,,"twist, flip",180 twist + double flip,Shaun Johanneson,,,,180 flip,"180 twist, double flip",Emile Mathieu,
180 Flip,,"twist, flip",180 twist + crank flip,Shaun Johanneson,,http://www.relentlessbyfate.com/tricks.php,,"180 twist, crank flip",,Kevin McMullin,
180 no-handed unispin,,spin,180 unispin without using your hands (seat in to seat in),,,,,180 unispin,,Trey Haun,
180 secret side spin,,"spin, wrap","180 unispin that wraps in front of one leg, behind both legs, and out from behind your other leg",Jack Sebben,"April 6th, 2024",https://youtu.be/d_fEtm5XY1E?si=pQ6eyLdOSksLKR6W&t=46,0:46,secret side,,Trey Haun,
180 Quad Flip,,"twist, flip",180 twist + quad flip,Krisz Kovacs,,https://youtu.be/1ZUtTN5lwyQ?feature=shared&t=258,4:19,"180 twist, quad flip, 180 triple flip",,Emile Mathieu,
180 Rev,,"twist, rev",180 twist + rev,,,,,"180 twist, rev",,Noli Ergas,
180 Scissor Side Spin,,"spin, wrap",180 side around one leg followed by a side jump around the other leg,Clement Pujol,2025,https://youtu.be/Z5mJmUUEMZQ?si=J_l1UT0L-_mYPLlH&t=197,3:17,"180 side spin, side jump",,Trey Haun,
180 side spin,180 side,"spin, wrap",180 unispin where one leg wraps around the seat in the same direction as the spin,,,https://youtu.be/byf23VSm1EA?si=rAawRPha3fVimkF_&t=106,1:46,"side jump, 180 unispin",,Trey Haun,
180 stepover legaround,Standup legaround body varial,"jam, footjam, crownjam","One foot on tire/crown, twist around body and make a wrap round the saddle with your foot at the same time",Bobousse? ,,https://www.instagram.com/p/BibddeigFki/,The very first thing in the combo,,,Ivar Christenson,
180 Superman,,"spin, wild",Superman ending in a 180 unispin,Eli Brill,2012,https://vimeo.com/48152895,20:49,"Superman, 180 unispin",,Noli Ergas,
180 triple back flip,180 triple back,"twist, flip",180 triple flip with backwards wheel rotation,Eli Brill,2011,,,"180 twist, triple back flip",,Emile Mathieu,
180 Triple Flip,,"twist, flip",180 twist + triple flip,,,,,"180 twist, triple flip",,Emile Mathieu,
180 Twist,"180 Hop Twist, 180",twist,body and unicycle turn 180 degrees in the air relative to direction of travel,,,,,,,Trey Haun,One of the foundational tricks
180 Unispin,1 Spin,spin,"feet leave pedals, unicycle turns 180 degrees relative to ground, feet land on pedals",,,http://www.relentlessbyfate.com/tricks.php,,,,Trey Haun,One of the foundational tricks
270 antiside spin,,"spin, wrap","270 unispin with a leg wrap in the opposite direction of the spin (either from pedals to seat-in-back on tire, or from seat-in-front on tire down to pedals)",,,,,,,Trey Haun,
270 Twist,"270 Hop Twist, 270",twist,body and unicycle turn 270 degrees in the air relative to direction of travel,,,,,,,Noli Ergas,Term only used with going to or from a pedal/crank grab
270 Unispin down,,spin,"Spin the unicycle 270 degrees, land on unicycle (either from pedals up to tire, or, from tire down to pedals)",,,,,90 unispin,,Noli Ergas,
270 Unispin up,,,,,,,,,,,
360 antiside spin,,"spin, wrap",360 unispin with a leg wrap in the opposite direction of the spin *see note for the two handpass variations,,,https://youtu.be/xYeKvE1mfPs?feature=shared&t=50,0:51,180 antiside spin,,Trey Haun,360 antisides have been done with different handpasses. See these videos for other variations: https://youtu.be/eYGtxf5dkLI?si=br4rPDK09VDENGgL&t=53 and https://www.youtube.com/watch?v=_gx1zRkv61w and https://www.youtube.com/live/19rh-YyXJLM?si=39bNa7oN-53_BAuR&t=13286
360 anti backside spin,,"spin, wrap","360 backside spin but it spins the opposite direction (if you do the backside wrap around your back leg, then spin toward your front foot. if you do the backside wrap around your front leg, then spin away from your front foot)",Sean Minter,,https://youtu.be/oLvuNcWHLLM?feature=shared&t=77,1:17,180 anti backside spin,,Trey Haun,
360 back flip,,"twist, flip",360 hop twist + back flip,,,,,,,,
360 back rev,,"twist, rev",360 hop twist + back rev,Eddie Ducol ,2012,https://youtu.be/9NkfFR50PKA?si=eS8PPN1J-l1zgGre,,,,Eddie Ducol ,
360 body varial double flip,,"varial, flip",360 body varial + double flip,Emile Mathieu,2013,https://youtu.be/hd1w8IruHpM?t=36,0:36,"360 body varial flip, double flip",,Emile Mathieu,
360 body varial,,varial,"feet leave pedals, body turns 360 degree relative to unicycle, feet land on pedals",Spencer Hochberg,,,,180 body varial,,Emile Mathieu,
360 body varial flip,,"varial, flip",360 body varial + flip,Emile Mathieu,2013,,,"360 body varial, crank flip",,Emile Mathieu,
360 Dan Heaton,360 DH,handstepover,"Dan Heaton trick, except with a 360 body varial",Ivar Christenson,2017,https://youtu.be/xAYNzh54yhM,2:50,Tire grab body varial,,Noli Ergas,
360 flip,,"twist, flip",360 twist + flip,,,,,"360 twist, crank flip, 180 flip",,Emile Mathieu,
360 no-handed unispin,,spin,360 unispin without using your hands,Tim Desmet,2010,https://www.youtube.com/watch?v=Iqcov1KBKQg&t=165s,3:13,180 no-handed unispin,,Tim Desmet,
360 Rev,,"twist, rev",360 twist + rev,,,,,"360 twist, rev",,Noli Ergas,
360 Secret side spin,,"spin, wrap","360 unispin that wraps in front of one leg, behind both legs, and out from behind your other leg",,,,,secret side,,Trey Haun,
360 Side Spin,"3 Side, Side Spin","spin, wrap",360 unispin where one leg wraps around seat in same direction unicycle spins,Kevin McMullin,,https://www.youtube.com/watch?v=fimqhgDlN_E,0:00,360 unispin,,Kevin McMullin,Felix Dietze landed a seat in front to seat in back version around the same time (0:29 in https://www.youtube.com/watch?v=fKzUp2UkK-Q)
360 Twist,"360 Hop Twist, 360",twist,body and unicycle turn 360 degrees in the air relative to direction of travel,,,,,180 twist,,Noli Ergas,
360 Unispin,"360, 3 Spin",spin,"feet leave pedals, unicycle turns 360 degrees relative to ground, feet land on pedals",,,http://www.relentlessbyfate.com/tricks.php,,180 unispin,,Noli Ergas,
450 secret side down,,"spin, wrap","450 unispin that wraps in front of one leg, behind both legs, and out from behind your other leg",,,*clement's secret session,,secret side,,Trey Haun,
450 secret side up,,,,,,*clement's secret session,,,,,
450 Unispin down,,spin,450 degree unispin from tire to pedals,,,,,270 unispin,,,
450 Unispin up,,spin,450 degree unispin from pedals to tire,,,,,,,,
540 antiside spin,,"spin, wrap",540 unispin with a leg wrap in the spin in the opposite direction of the wrap,Trey Haun,2024,,,360 antiside spin,,Trey Haun,Fifth antiside flip was landed long before 540 antiside spin. Weird.
540 backside spin,,,,,,,,,,,
540 secret side spin,,"spin, wrap","540 unispin that wraps in front of one leg, behind both legs, and out from behind your other leg",,,https://www.youtube.com/watch?v=4Vu9j_Xyz2w,0:06,secret side,,Trey Haun,
540 Side Spin,540 Side,"spin, wrap",540 unispin where one leg wraps around the seat in the same direction that the unicycle spins,Adrien Delecroix,,,,360 side spin,540 unispin,Trey Haun,
540 Suicide Spin,,"spin, wrap","540 degree unispin out from behind one leg, in front of both legs, and around in front of the other leg (basically a backside followed by a side spin). the last 180 around the leg is ""slapped"" ",Scott Julian,,https://youtu.be/feFhAaX4DrI?si=9LBG7TG9s4HFD8OQ&t=212,3:32,fullout suicide spin,,Trey Haun,
540 Twist,,twist,body and unicycle turn 540 degrees in the air relative to direction of travel,,,,,360 twist,,Trey Haun,
540 Unispin,,spin,"feet leave pedals, unicycle turns 540 degrees relative to ground (1.5 revolutions of unicycle spinning around vertical axis), feet land on pedals",,,,,360 unispin,,Trey Haun,
630 Secret Side spin down,,"spin, wrap","630 unispin starting from pedals that wraps in front of one leg, behind both legs, and out from behind your other leg, then you land on the tire",,,,,540 secret side spin,,Trey Haun,
630 secret side spin up,,"spin, wrap","630 unispin starting on tire that wraps in front of one leg, behind both legs, and out from behind your other leg, then you land on the pedals",,,,,,,,
630 side spin down,,"spin, wrap","630 unispin around in front of one leg, from tire down to pedals",,,*kornel,,,,,
630 side spin up,,"spin, wrap","630 unispin around in front of one leg, from pedals up to tire",,,*adrien or kovacs,,,,,
630 Unispin Down,,spin,630 degree unispin from pedals to tire,,,https://youtu.be/6_KVmLtRV-k?si=MIWu0sP-T-kdcBbd&t=277,4:37,450 unispin,,Trey Haun,
630 Unispin Up,,spin,630 degree unispin from tire to pedals,,,https://vimeo.com/48152895,20:35,450 unispin up,,Trey Haun,
720 backside spin,,,,,,,,,,,
720 Secret side spin,,"spin, wrap","720 unispin that wraps in front of one leg, behind both legs, and out from behind your other leg (always done with a half flip, physically impossible to do without the half flip)",,,https://youtu.be/eYGtxf5dkLI?feature=shared&t=116,1:56,540 secret side spin,,Trey Haun,
720 Side Spin,7 side,"spin, wrap",720 degree spin of the unicycle while it also travels around your leg,Adrien Delecroix,2009,,,540 side spin,,Trey Haun,
720 Twist,,twist,body and unicycle turn 720 degrees in the air relative to direction of travel,Max Schulze,2011,https://www.youtube.com/watch?v=LCw8ncK0wxs,1:41,540 twist,,Noli Ergas,"Landed in only one session, off a ledge"
720 Unispin,7,spin,Two full revolutions of unicycle spinning around a vertical axel,,,,,540 unispin,,Ivar Christenson,
810 Unipsin down,,spin,810 degree unispin from tire down to pedals,,,,,630 unispin,,Trey Haun,
810 Unispin up,,spin,810 degree unispin from pedals to tire,,,,,,,,
90 unispin down,,spin,spin unicycle 90 degrees from tire to down to pedals,,,,,Hop on Wheel,,Nakul Mohakar,
90 unispin up,,spin,spin unicycle 90 degrees from pedals up to tire,,,,,,,,
900 Side Spin,"900 Side, 9 Side","spin, wrap",900 degree unispin around your leg,Adrien Delecroix,2008,,,720 side spin,,Adrien Delecroix,
900 Unispin,"9 spin, niner",spin,900 unispin,Loic Baud,2008,https://vimeo.com/1101293,3:45,720 unispin,,Emile Mathieu,
990 side spin up,,"spin, wrap","990 degree unispin + side jump, from pedals to tire",Matthias Schober?,,,,,,,
990 unispin down,,spin,990 degree unispin from tire to pedals,Matthias Schober,,,,810 unispin,,Trey Haun,
900 unispin up,,spin,990 degree unispin from pedals to tire,,,,,,,,
Anti,,prefix,"""Anti"" added in front of ""side spin"" means the spin goes in the oposite direction as the wrap (clockwise spin for left leg front side, anticlockwise spin for left leg back side, and the oposites for the right leg) ",,,,,,,Ivar Christenson,
Ayrton kick,,Pedal push,Outside pedalkick,Ayrton Vasquez,2016,https://youtu.be/FDgji_eOULM,1:50,,,Ivar Christenson,
Back Crank Flip,"Back flip, backflip",flip,"feet leave pedals, wheel does 1 rotation backwards, feet land on pedals",Brian Lundgren,,http://www.relentlessbyfate.com/tricks.php,,,,Emile Mathieu,
Back Flip Over Flip,Back Over Flip,flip,back flip + over flip,Will Riley,,,,"back crank flip, over flip",,Noli Ergas,
Back Flip Over Hick Flip,,"flip, spin","back flip, then kick front pedal and turn uni 180 to initiate hickflip",Dan Colvin,,https://youtu.be/kpa6tYsnq-k?si=RpvcKNkG5cWzZpTc&t=115,1:55,Back Flip Over Flip,,Trey Haun,"Dan Colvin did it first, from seat in. Pierre does it seat out."
Back Rev,,rev,"wheel leaves ground, feet pedal the wheel through one backward revolution, wheel lands on ground",,,,,,,Noli Ergas,
Back Rev Rev,,rev,Back Rev then forward Rev before landing on the ground,Tore Juncher Jørgensen,2015,https://www.youtube.com/watch?v=8lKgkVn1oXs,,"Back rev, rev",,Tore Juncher Jørgensen,
Back Roll,inside roll,roll,"back foot is on crank, free foot pushes back side of wheel 1/2 revolution on ground, free foot kicks/pushes tire so wheel revolves additional 1/2 revolution backwards while back foot leaves crarnk, both feet land on pedals/cranks",Xavier Collos,,,,Push Mush,,Emile Mathieu,"Originally inside and back roll were used interchangeably, but in the end backroll was used more prominantly"
Back roll flip,back roll 1.5 flip,"roll, flip","starts as a back roll but the second half revolution is replaced with a jump where the release of the foot on the tire and the foot on the crank creates a back crankflip, most oftenly 1,5 revolutions but also more and less happens (examples: backroll 3.5 flip, backroll double flip, or backrollflip refering to a one single revolution flip)",Spencer Hochberg,2007,,,back roll,,Spencer Hochberg,
Back roll 2.5 flip,"back roll 2.5, back roll double flip",roll,Back roll with 2.5 wheel rotation instead,,,,,back roll flip,,Emile Mathieu,
Back roll 3.5 flip,"back roll 3.5, back roll triple flip",roll,Back roll with 3.5 wheel rotation instead,,,,,back roll 2.5 flip,,Emile Mathieu,
Back roll forward flip,back roll 1.5 forward flip,"roll, flip",starts as a back roll but the second half revolution is replaced with a jump where the release of the foot on the tire and the foot on the crank creates a forward crankflip,,,,,back roll,,Ivar Christenson,
Back roll forward 2.5 flip,back roll forward double flip,"roll, flip",starts as a back roll but the second half revolution is replaced witha. jump where the release of the foot on the tire and the foot on the crank creates a forward crankflip that goes 2.5 revolutions,,,,,back roll forward flip,,Trey Haun,
Back roll step over,,roll,"starts as a back roll but after the first half revolution, front foot is placed behind the crown of the tire and the back foot is lifted over the seat and comes down to the opposite crank as the second half revolution is completed",,,https://youtu.be/umfWKYmOKjE?si=wExfx7BrA4ksla1y&t=70,1:13,back roll,,Trey Haun,
Back scuff coast,"back scuff, scuff coast",coast,One footed seat in front backward coasting (this one is generally easier than forward),,,https://www.youtube.com/watch?v=pifFaDECD_E,,,,Trey Haun,
Backside,,prefix,"Opposite leg than a ""regular"" side",,,,,,,Emile Mathieu,
Back Slide,,grind,grind in which rider is facing backward,Dan Heaton,,https://www.youtube.com/watch?v=wSbdmdCqGhc&t=51s,1:15,,,Kevin McMullin,Original version is in UNiVERsE
Back tire grab,,grab,Grabing the back of the tire with the hand during a hop,Dan Heaton,,,,tire grab,,Emile Mathieu,
Backside jump,,wrap,"jump up, wrap leg around in front of seat then behind and land back on pedals",,,,,,,Trey Haun,
Backside double flip,,"flip, wrap",backside jump + double crank flip,,,https://youtu.be/d_fEtm5XY1E?si=TJKXBR39oumHnXgU&t=40,0:40,backside flip,,Trey Haun,
Backside flip,,"flip, wrap",backside jump + crank flip,,,https://youtu.be/d_fEtm5XY1E?si=em5kcFsHsoretx2G&t=32,0:32,backside jump,,Trey Haun,
Backwards coasting,,coast,Coasting but riding backwards,,,,,coasting,,Emile Mathieu,
Backwards one footed coasting,,coast,One footed coasting but backwards,,,,,one footed coasting,,Emile Mathieu,
Backwards varial roll,back varial roll,roll,,,,,,,,Emile Mathieu,
Backwards wheel walk,,walk,Wheel walking but backwards,,,,,,,Emile Mathieu,
Backwards X Roll,Back X roll,roll,"start in outside position on back crank, half roll backward, cross free foot over the seat to outside position on the other crank, half roll backward, end on front crank in outside position",,,,,,,Emile Mathieu,
Bay Coast,,coast,"feet leave pedals, wheel rolls on ground, feet land in bay position (feet on tire on either side of frame while rider remains seated), wheel rolls on ground, feet land on pedals",,,,,,,Noli Ergas,
Bay Flip,Baeflip,flip,"feet leave pedals, feet land in bay position (feet on tire on either side of frame while rider remains seated), wheel does 1 revolution, feet land on pedals",Justin Abbott,,https://www.youtube.com/watch?v=7M10PQSb-dE,3:20,,,Emile Mathieu,"""Bay"" in bay flip refers to the ""Bay Area"" of California, where the trick originated. The spelling ""Bae"" is Brundlespeak propogated by Alex Anderson"
Bay Walk,,walk,Side walk in bay seat position,,,,,,,Emile Mathieu,
Beta flip,,"spin, flip, twist",180 twist + late outchange flip (rotating same direction),Jack Sebben,,,,,,Trey Haun,
Big flip,,"twist, spin, flip",Big spin + flip,,,,,,,Emile Mathieu,
Big side flip,,"twist, spin, flip",Big side spin + flip,,,,,,,Emile Mathieu,
Big side spin,,"twist, spin",Big spin + side,,,,,,,Emile Mathieu,
Big Spin,,"twist, spin",360 unispin + 180 body varial in the same direction,,,,,"360 unispin, 180 body varial",,Emile Mathieu,
Blind -,,prefix,"There are two definitions of Blind... 1) Twist, Spins, or Grinds opposite the rider's comfortable direction... 2) Twists or Spins in the direction away from the front foot",,,https://www.youtube.com/watch?v=Emt1AQDjCpE,,,,Trey Haun,"For some riders, blind is their comfortable spinning direction, and for other more experienced riders, they are equally comfortable in both spinning directions."
Blunt Grind,,grind,"Grind where riders starts on one side of obstacle, jumps, and grinds the opposite side",Dan Doerksen,,https://www.youtube.com/watch?v=Tg6DcckVWEY,2:09,Grind,,Kevin McMullin,
Body Varial,Century?,varial,"feet leave pedals, body turns 180 degree relative to unicycle, feet land on pedals",,,,,,,Noli Ergas,
Boom Boom Flip,,flip,"Flip, one footer, over flip",Raphael Pöham,,,,stutter flip,,Emile Mathieu,"It was named like this due to the sound it makes. The catch with the back foot (one footer) for the first ""boom"" followed by the overflip, second ""boom""."
Brake Coasting,,coast,"riding forward with no feet on the pedals, but a brake engaged to maintain balance (requires unicycle with a brake)",,,,,Coasting,,Noli Ergas,
Branch Flip,,flip,"""flip"" with the hand while balancing with one foot on the seatpost and the saddle",(maybe) emile themelin,(maybe) 2018,https://youtu.be/NJKMf3o4GAE?t=18s,0:18 & 0:32,,,emile themelin,I do not know if anyone has already done this.
Brill Whip,,whip,"From hop on tire, seat is thrown backward so that seat does one revolution around wheel in the plane perpendicular to the wheel, feet land on tire",Eli Brill,2015,https://youtu.be/aLuftteM2aw,,,,Noli Ergas,Landed only once
Brink Spin,,spin,rear tire grab followed by a unispin,Christian Brink Westergaard,2012,,,"back tire grab, 180 unispin",,Noli Ergas,
Buda Flip,,flip,In to in x up outflip with a x up anti side trapped inside,Krisztián Kovács,2014,https://vimeo.com/93074529,3:01,flip,,Emile Mathieu,
Caught,,prefix,feet land on pedals/cranks/tire and trick is completed while unicycle is still mid-air,,,,,,,Noli Ergas,
Caveman Mount,,mount,"rider runs holding uni saddle or saddle handle in one hand, and tire in other hand, jumps and lets go of wheel, lands on uni (can also be caught in air)",,,,,Jump Mount,,Trey Haun,
Clapper Grind,The Clapper,grind,grind where rider claps hands during grind,,,https://www.youtube.com/watch?v=OZ6P-qRUPuU,3:34,,,Noli Ergas,
Coasting,,coast,"Riding forward with no feet on the pedals, generally with one or both feet on the frame",,,,,,,Noli Ergas,
Corona Flip,in-in antiside flip,"spin, flip, wrap",a seat-in to seat-in 180 antiside with a flip,,,,,,,Trey Haun,
Corona Double Flip,in-in antiside double,"spin, flip, wrap",a seat-in to seat-in 180 antiside with a double flip,Trey Haun?,2024,https://youtu.be/6WT4OeepVQA?feature=shared&t=39,0:39,corona flip,,Trey Haun,"NOTE: people have landed antiside double flips before (Krisz Kovacs landed an antiside triple flip in the This Fire video), but not in the corona flip style (seat-in to seat-in)"
Crank Flip,Flip,flip,"feet leave pedals, wheel does 1 rotation forwards, feet land on pedals",Mike Clark,,https://vimeo.com/104804819,,No footer,,Emile Mathieu,One of the foundational tricks
Crank grab,,basic,Jumping up to tire on an obstacle from the crank,,,,,,,Emile Mathieu,
Crank Idle,,basic,idle with one foot on a pedal and the other foot on the crank on the same side of the unicycle,,,,,,,Noli Ergas,
Crank Stall,,basic,landing on an object with the crank and spending a moment in this position,,,,,,,,
Cross Jumping,X-hopping,,Jumping with crossed legs,,,,,,,August Agerskov,
Cross Leg Riding,"X-riding, X-leg riding",ride,Riding with crossed legs,,,,,Cross Jumping,,August Agerskov,
Crossover flip,Hopscotch flip,flip,"jump up, bring front foot behind/over the tire, kick back pedal with front foot to initiate back crank flip, land back on pedals",,,https://youtu.be/LA3gGHQ-I8M?si=3Ohe4niHHGf0LS4P&t=62,1:02,,,Trey Haun,
Cross hick side under flip,Scotty flip?,"spin, flip, wrap","jump up, bring front foot behind/over the tire, kick back pedal with front foot to initiate back crank flip, then 180 side around front leg",Scott Julian,2024,https://youtu.be/1ZUtTN5lwyQ?feature=shared&t=91,,crossover flip,,Trey Haun,"from Scott Julian's video ""Too Close To See"""
Cross hick side under double flip,Scotty Double flip?,"spin, flip, wrap",scotty flip with an extra flip,Scott Julian,2024,https://youtu.be/1ZUtTN5lwyQ?feature=shared&t=98,,cross hick side under flip,,Trey Haun,"from Scott Julian's video ""Too Close To See"""
Crossing dolphins,ivarial,handstepover,"Both feet doing dolphins but in oposite directions through the ""ring"" ",Ivar Christenson,2017,https://youtu.be/xAYNzh54yhM,0:45,,,Ivar Christenson,"Name ivarial invented by Emile Themelin, third to land the trick, second was Scotty"
Daiki Walk,"Daiki, seat on side stand up",walk,stand up wheel walk seat on side (pushing foot is closer to the saddle),*not Daiki Izumida*,,,,stand up wheel walk,,Noli Ergas,"*NOT invented by Daiki Izumida, but the trick has been named after him by Western unicyclists: http://www.unicyclist.com/forums/showthread.php?t=63996"
Dan Heaton,,handstepover,,,,,,,,,
Decade,,"wrap, varial",Backside 360 body varial,Kelly Hickman,,,,360 body varial,,Emile Mathieu,
Decade double flip,,"wrap, varial, flip",Decade + double flip,Emile Mathieu,2013,,,Decade flip,Beta double flip,Emile Mathieu,
Decade flip,,"wrap, varial, flip",Decade + Flip,Emile Mathieu,2011,https://www.youtube.com/watch?v=1STSulu3xlY,0:00,Decade,Beta flip,Noli Ergas,
Decade secret side,,"wrap, varial",360 hoptwist + 360 secret side in opposite direction,Scott Julian?,,https://youtu.be/1ZUtTN5lwyQ?si=svYr85fzrMOBNu5u&t=200,3:21,360 secret side,,Trey Haun,
Dolphin flip,,"flip, wrap","hold the front and back of the saddle. While doing a crankflip, pull one leg between your two arms, over the saddle, then land back on pedals/cranks",Casey Pappalardo,,,,side flip,,Trey Haun,
Dolphin Double Flip,,"flip, wrap",,Casey Pappalardo,,https://www.youtube.com/watch?v=-KfE6kjHYvg,,dolphin flip,,Trey Haun,
donkey hick,,"spin, flip",Donkey kick + 180 unispin,Jerad Glatt,,https://www.dailymotion.com/video/xf1z4,1:33,donkey kick,,Emile Mathieu,
donkey kick,,flip,"SIF, one foot on the frame, one foot on the tire, kicking the tire to make the wheel rotate 1 revolution backward, land back to pedals",,,,,,,Emile Mathieu,
donkey trey,,"spin, flip",Donkey kick + 360 unispin,,,,,donkey hick,,Emile Mathieu,
Double Back Flip,,flip,"feet leave pedals, wheel does 2 rotations backwards, feet land on pedals",,,https://youtu.be/aCg3z_Yk3Mc?si=ktDRosd6itTywFUT&t=121,2:01,back crank flip,,Noli Ergas,
Double Flip,Double,flip,Crank flip with 2 rotations,Shaun Johanneson,2004,https://vimeo.com/104804819,,crank flip,,Noli Ergas,
Double Flip Over Rail,,"flip, grind","grind on a rail to double crank flip occuring over the rail, rider lands on other side of rail",Noli,2018,,,double flip,,Noli Ergas,
Double Leg Wrap,,wrap,"one foot leaves the pedal/crank/tire, wraps around seat twice, and lands back on pedal/crank/tire",,,,,leg wrap,,Trey Haun,
Double Rev,,rev,"wheel leaves ground, feet pedal the wheel through two revolutions, wheel lands on ground",,,https://youtu.be/6GRv_hth4wQ?si=hULAfRTuJFGb5EUC&t=15,0:15,rev,,Noli Ergas,
Double Swivel Grind,,grind,pedal grind where wheel does 2 full revolutions during grind,Pele Schramm,,,,,,Noli Ergas,
Early Flip,,flip,"Walk the Dog except before the wheel rotation is completed, tire leaves ground and feet land on pedals in the air",Lars Anderson,,https://www.instagram.com/p/BL-2XGYB30d/,,walk the dog,,Noli Ergas,"related, yet different, trick = Pressure Flip"
Fakie,,prefix,indicates trick begins with unicycle traveling backward,,,,,,,Noli Ergas,
Fakie Change,,"flip, varial",sex change while riding backwards,,,http://www.relentlessbyfate.com/tricks.php,,sex change,,Noli Ergas,
Fakie Flip,,flip,back flip while riding backwards,,,,,back crank flip,,Noli Ergas,"This definition has mostly reached consensus, but some people believe this should be a forward crank flip while riding backwards, and that usage may still persist"
Fifth antiside flip,fifth antiside,"spin, flip, wrap",540 antiside spin + flip,,,https://youtu.be/0nEYofjhKkI?si=tBdMk607MF82DtUT&t=167,2:47,fifth flip,,Trey Haun,
Fifth antiside double flip,fifth antiside double,"spin, flip, wrap",540 antiside spin + double flip,Krisz Kovacs?,,https://youtu.be/MABOXSO97XE?si=NntipQwce9fkNlcF&t=130,2:10,fifth antiside flip,,Trey Haun,Has anyone landed this beside Krisz Kovacs and Eli Brill?
Fifth Double Flip,fifth double,"spin, flip",540 unispin + double flip,Adrien Delecroix,2008,,,fifth flip,,Adrien Delecroix,
Fifth Flip,Fifth,"spin, flip",540 unispin + crank flip,,,http://www.relentlessbyfate.com/tricks.php,,"540 unispin, crank flip",,Noli Ergas,
Fifth kick flip,,"spin, flip",fifth flip but the wheel rotation is produced by your foot kicking the tire,Christian Brink,2012,https://www.youtube.com/watch?v=8qwK6sFXyh8,,trey kick flip,,Trey Haun,
Fifth Quad Flip,fifth quad,"spin, flip",540 unispin + quad flip,Colby Thomas,,,,fifth triple flip,,Noli Ergas,
Fifth Triple Flip,Friple,"spin, flip",540 unispin + triple flip,Colby Thomas,,,,fifth double flip,,Colby Thomas,
Fifth middle flip,,,,,,,,,,,
Fifth secret side flip,,"spin, flip, wrap",540 secret side spin + crank flip,,0:22,https://youtu.be/eYGtxf5dkLI?feature=shared&t=22,,540 secret side spin,,Trey Haun,
Finger Backflip,,flip,"holding seat in front, jump off pedals, grab front pedal and pull it backwards to initiate backflip, then land back on pedals",Pierre Sturney,2025,https://www.youtube.com/shorts/PEkAXJc97q4,,,,Trey Haun,
Finger flip,Over Forward Finger Flip,"flip, pedal push",crankflip where you flip the wheel using your hand by pushing the front pedal forward,Eli Brill,,,,,,Jelle Dillen,
Finger inflip,Over Forward Finger Inflip,"spin, flip, pedal push","crankflip where you flip the wheel using your hand by pushing the front pedal forward, followed by an inspin",Jelle Dillen,,,,finger flip,,Jelle Dillen,
Firecracker,,basic,riding down stairs quickly,,,,,,,Noli Ergas,"Term comes from skateboarding, where the sound of the skateboard wheels on the stairs sounds like a firecracker"
Flag flip,,"spin, flip, jam",270 unispin + crankflip to foot jam,,,,,flag spin,crank flip,Emile Mathieu,
Flag spin,,"spin, jam",270 unispin to footjam,,,,,270 unispin,,,
Flip Over Rail,,"flip, grind","grind on a rail to crank flip occuring over the rail, rider lands on other side of rail",,,,,crank flip,,Noli Ergas,
Flip Under Flip,,flip,crank flip + under flip,,,,,"crank flip, under flip",,Noli Ergas,
Flip under fulloutflip,,flip,crankflip + under fulloutflip,Waylon Batt,,https://youtu.be/yjtbRcjpklY?si=eBYbCF2P_JXxGKzv&t=209,3:29,Flip under outflip,,Loïc Miara,
Flip under outflip,,flip,crankflip + under outflip,,,,,Flip Under Flip,,Jelle Dillen,
foot plant,no comply,basic,When a rider jumps off the unicycle takes a step on his foot and then jump back on the unicycle,,,,,,,Emile Mathieu,
Forward scuff coast,,coast,One footed seat in front forward coasting,,,,,Back scuff coast,,Emile Mathieu,
Forward scuff glide,,glide,One footed seat in front forward gliding,,,,,,,Ivar Christenson,
Frame balance,Frame stall,"basic, position, balance",saddle and tyre touching ground (no pedals touching ground!!) standing on the frame,,,https://youtu.be/0b-Ggx_YnZg,0:20,,,Ivar Christenson,
Front roll,forward roll,roll,,,,https://youtu.be/USInCiWooy0?si=3zeavMeRkBZWcOWv&t=103,1:43,,,Emile Mathieu,
Full Out Back flip,full out back,"spin, flip",full out flip with backwards wheel rotation,,,,,"Full out spin, back crank flip",out back flip,Emile Mathieu,
Full out backside back flip,,"wrap, spin, flip",Full out side back flip + backside,,,,,Full out backside spin,,Emile Mathieu,
Full out backside flip,,"wrap, spin, flip",Full out backside + crankflip,Adrien Delecroix,2008,,,Full out backside spin,,Adrien Delecroix,
Full out backside kickflip,,"wrap, spin, flip",Full out backside + kick flip,Tim Desmet,,https://www.youtube.com/watch?v=wHVQ8GLEq-w,2:43,Full out backside spin,,Tim Desmet,
Full out backside middle flip,,"wrap, spin, flip","out backside spin, overflip, in spin, land back on pedals",,,https://youtu.be/7L2Fq0ITeXU?feature=shared&t=318,5:18,out backside overflip,,Trey Haun,in the video (see link) Scotty and Levi both do this trick between 5:18 and 5:46
Full out backside spin,,,"Starting seat in, a 360 unispin + backside (360 spins out from behind your leg, the leg wrap and spin are going in the same direction)",,,,,Full out spin,,Trey Haun,
Full Out Flip,,"spin, flip",Full out spin + flip,,,,,"full out spin, crank flip",,Emile Mathieu,
Full out middle flip,,"spin, flip","outspin, overflip, in spin, land back on pedals",,,,,,,,
Full out side double flip,,"wrap, spin, flip",Full out side spin + double flip,,,,,Full out side flip,,Emile Mathieu,
Full out side flip,,"wrap, spin, flip",Full out side spin + flip,,,,,Full out side spin,,Emile Mathieu,
Full out side spin,,"wrap, spin","360 side spin starting seat in, ending seat in",,,,,360 side spin,,Trey Haun,
Full Out Spin,,"spin, flip","360 unispin starting seat in, ending seat in",,,,,360 unispin,,Emile Mathieu,
Full Varial Back Flip,full varial back,"spin, flip",Full Varial Flip with backwards wheel rotation,Hugo Duguay,,,,Full varial flip,,Emile Mathieu,
Full Varial Flip,,"twist, spin, flip",Full out flip + 180 twist,Shaun Johanneson,,,,Full varial spin,,Emile Mathieu,
Full varial spin,,,,,,,,,,Nakul Mohakar,
Full X Up,,spin,"jump off pedals, spin unicycle 360 degrees, spin 360 opposite direction, land back on pedals",Eli Brill,,,,X Up,,Trey Haun,
Full X Up Under Double,,"spin, flip","jump off pedals, spin unicycle 360 degrees, kick the back pedal to complete 2 full back revolutions (under double flip), spin 360 degrees in the opposite direction, land back on pedals ",Jack Sebben,,,,,,Jack Sebben,
Gliding,,"walk, glide",One foot wheel walk with enough speed that the tire glides under the rider's foot,,,,,,,Emile Mathieu,
Goodnight Combo,,combo,360 unispin / rolling wrap / backstepover roll / foot change / varial roll / foot change / rolling wrap / back inward varial roll / back x roll / 360 unispin / inward varial roll / 540 unispin,Krisz Kovacs,,https://www.youtube.com/watch?v=yuE4xmBNk5g,,,,Trey Haun,"THIS IS ONE EXCEPTION BECAUSE THIS IS SUCH A FAMOUS AND STANDARDIZED COMBO. OTHER THAN THIS, NO COMBOS SHOULD BE ADDED TO THE TRICKTIONARY"
Grind,,grind,pedal/crank/bearing cap/frame slides on an object other than the ground (generally pedal and/or crank),,,,,,,Noli Ergas,
Half Cab,,twist,fakie 180 twist,,,,,180 twist,,Noli Ergas,
Hand Back flip (seat in),,flip,"seat in no footer, hand initiates one backwards wheel rotation either by grabbing or slapping the tire, feet land on pedals.",,,https://www.youtube.com/watch?v=s-XI3Yw3rqg,,hand flip,,Trey Haun,
Hand Back flip (seat out),,flip,"seat out no footer, hand initiates tire rotation, wheel does one backwards rotation, feet land on pedals. This version is done seat out, with the free hand grabbing the tire just behind the crown of the frame. See Hot Dog flip for a more advanced version of this trick. ",,,,,,,Trey Haun,
Hand Flip,,flip,"seat in no footer, hand initiates tire rotation (usually by slapping the tire, not grabbing), wheel does one forward rotation, feet land on pedals",,,https://www.youtube.com/watch?v=GQ6tMZhH6LI,,no footer tire grab,,Noli Ergas,
Hand outflip,,"flip, spin","no footer, hand initiates tire rotation, wheel does one forward rotation + outspin, feet land on pedals",,,https://youtu.be/t-mYZAlbiF8?feature=shared&t=33,0:33,Hand Flip,,Trey Haun,
Hand fulloutflip,,"flip, spin","no footer, hand initiates tire rotation, wheel does one forward rotation + a fulloutspin , feet land on pedals",Edmund Leduc,,,,Hand outflip,,Loïc Miara,
hand plant,,basic,When a rider used his hand to jump or push themselves,,,,,,,Emile Mathieu,
Hand Wheel Walk,,walk,"Wheel is pushed with the hands, while feet are either on the frame or extended",,,,,,,,
Handrail Grind,,grind,"wheel leaves ground, pedal or crank lands on a handrail (in a real urban environment, i.e. not a skatepark), pedal/crank slides down the rail",Dan Heaton,,https://www.youtube.com/watch?v=tAM2s-cgiqk,0:38,,,Noli Ergas,
Hard Slide,,grind,grind with cranks vertical such that only a small part of the upward-facing crank near the axle is in contact with the obstacle,Christian Huriwai,,,,,,Noli Ergas,
Haunster Backflip,Back Pedal Finger back flip,"flip, pedal push","no footer, push back pedal down with free hand to initiate back crankflip",Trey Haun,2025,https://youtu.be/Z5mJmUUEMZQ?si=SRRFLb1aDBDmeIVp&t=65,1:05,,,Trey Haun,
Haunster Flip,Back Pedal Finger Flip,"flip, pedal push","no footer, then grab the back pedal with your hand and pull it forward to initiate a crankflip, land back on pedals/cranks with seat out",Trey Haun,2024,https://www.youtube.com/watch?v=pn55R5XyFV0,,,,Trey Haun,first landed at UniCon 21
Haunster Inflip,Back Pedal Finger Inflip,"spin, flip, pedal push","haunster flip followed by an inspin (no footer, then grab back pedal and pull up to initiate a crankflip, then inspin)",Trey Haun,2024,https://youtu.be/8d80Y1gmkPE?feature=shared&t=99,1:39,Haunster flip,,Trey Haun,
Haunster Hot Dog Flip,,"flip, pedal push","haunster flip but you reach behind your back leg (no footer, then hand reaches behind back leg to grab back pedal, pull the pedal forward to initiate a crankflip)",Trey Haun,2024,https://youtu.be/8d80Y1gmkPE?feature=shared&t=19,0:20,Haunster flip,,Trey Haun,
Hick antiside flip,,"spin, flip, wrap",180 antiside spin + crank flip,,,,,,,,
Hick Back kick flip,hick back kick,"spin, flip",180 unispin while kicking the tire to do a back flip,,,,,180 unispin,,Trey Haun,
Hick Back Stutter Flip,,"spin, flip",hick back + overflip,Jack Sebben,Circa 2015-2016,,,,,Jack Sebben,
Hick Double Flip,,"spin, flip",180 unispin + double flip starting seat in front,Shaun Johanneson,,,,hick flip,,Noli Ergas,
Hick Flip,"hick, inflip","spin, flip",180 unispin + crank flip starting and ending seat in front,Shaun Johanneson(CHECK NOTE),,http://www.relentlessbyfate.com/tricks.php,,"180 unispin, crank flip",,Emile Mathieu,"Shaun Johanneson landed the trick first, but after a friendly competition Kelly Hickman did it down a bigger set of stairs and Shaun named the trick after Kelly Hickman. http://www.unicyclist.com/forums/showpost.php?p=810125&postcount=7"
Hick Kick Flip,Kick Flip,"spin, flip",Hickflip but the wheel rotation speed is produced by a kick of the tire,,,,,180 unispin,,Emile Mathieu,
Hick over flip,hick over,"spin, flip",180 unispin + overflip,,,,,"180 unispin, over flip",,Emile Mathieu,
Hick Quad Flip,,"spin, flip",180 unispin + quad flip starting seat in front,,,,,Hick Triple Flip,,Noli Ergas,
Hick Quint Flip,,"spin, flip",180 unispin + quint flip starting seat in front,Krisz Kovacs,,https://www.youtube.com/watch?v=oSgzMJP_SDY,,Hick Quad Flip,,Noli Ergas,
Hick Side Flip,,"spin, flip, wrap",180 side spin + crankflip,,,,,180 Side Spin,,Trey Haun,
Hick Side Double Flip,,"spin, flip, wrap",180 side spin + double flip,,,,,Hick Side Flip,,Trey Haun,
Hick Side Triple Flip,,"spin, flip, wrap",180 side spin + triple flip,,,,,Hick Side Double Flip,,Trey Haun,
Hick Side Quad Flip,hick side quad,"spin, flip, wrap",180 side spin + quad flip,Christian Resch?,,https://youtu.be/MUA-NvOyHyE?feature=shared&t=99,,Hick Side Triple Flip,,Trey Haun,
Hick Stutter Flip,,"spin, flip",hick flip + underflip,Jack Sebben,Circa 2015-2016,,,"Hick flip, underflip",,Jack Sebben,
Hick Triple Flip,,"spin, flip",180 unispin + triple flip starting seat in front,,,,,Hick Double Flip,,Noli Ergas,
Hick Under Flip,hick under,"spin, flip",180 unispin + underflip,,,,,"180 unispin, under flip",,Emile Mathieu,
Hop,,basic,tire leaves ground with rider on unicycle,,,,,,,Noli Ergas,
Hop on Wheel,"HOW, Hop On Tire",basic,"Hopping with the unicycle perpendicular to the rider, both feet on the tire, holding the seat",,,,,,,Emile Mathieu,
Hop Over Rail Grind,grind to hop over rail,grind,grind where rider exits grind by hopping over the rail and riding out on the other side,,,,,,,Noli Ergas,
Hot Dog Flip,glizzy flip,flip,"starting seat out, hop off pedals, hand reaches behind front leg, grabs tire, and initiates a backflip, land back on pedals/cranks seat out",Eli Brill,,https://www.skrrrt.io/games/rius/sets/45,,Hand back flip,,Trey Haun,
Huge flip,fifth varial flip,"twist, spin, flip",Huge spin + flip,,,,,"Huge spin, crank flip",,Emile Mathieu,
Huge Spin,,"twist, spin",540 unispin + 180 body varial in the same direction,,,,,Big spin,,Emile Mathieu,
Idling,,basic,staying in once place by moving the wheel back and forth less than one revolution,,,,,,,Noli Ergas,
In fifth Over flip,in fifth over,"spin, flip",a 540 inspin followed by an overflip,Stéphane Ranc,,,,Trey over flip,,Trey Haun,
In Over Out Flip,,"spin, flip","inspin, overflip, outspin",Michael Bachleda OR Manuel Vetter?,,,,x up over flip,,Trey Haun,
inside crank jam,crank jam,jam,"When the rider jams his foot on the crank, with the inside of his foot towards the frame",,,,,,,Emile Mathieu,
inside jam,,jam,"When the rider jams his foot on the tire, with the inside of his foot towards the frame",,,,,,,Emile Mathieu,
Inward Big Spin,inward big,"spin, varial",360 unispin + 180 body varial in opposite directions,,,,,inward small spin,,Emile Mathieu,
Inward rolling wrap,,roll,"when in a normal rollingwrap the seat starts its way around your two legs by going out in the front, the inward starts by going out back like it was a backsidespin, wraps then, in the oposite direction as a none inward starting on the same foot, around both of your legs and back in under your butt, unless you keep lining them in wich case it ends up being the same thing as lining switch rollingwraps",,,,,,,Ivar Christenson,
Inward Small double flip,,"spin, flip, varial",Inward small flip with 2 wheel rotation,,,,,inward small flip,,Emile Mathieu,
Inward Small Flip,inward small,"spin, flip, varial",Inward small spin + flip,,,,,"inward small spin, crank flip",,Emile Mathieu,
Inward small side double flip,,"spin, wrap, flip, varial",Inward small side flip with 2 wheel rotation,,,,,Inward small side flip,,Trey Haun,
Inward small side flip,inward small side,"spin, wrap, flip, varial",Inward small spin + side + flip,,,,,"inward small side spin, crank flip",,Emile Mathieu,
Inward small side quadflip,inward small side quad,"spin, wrap, flip, varial",Inward small side flip with 4 wheel rotations,Michael Bachleda,,,,Inward small side triple flip,,Loïc Miara,small and quad are not words that go together
Inward small side spin,inward small side,"spin, wrap, varial",Inward small spin + side (360 side spin + body varial in opposite direction),Spencer Hochberg,2007,https://youtu.be/vuTSJsCsdf4?t=1m30s,,"360 side spin, inward small spin",,Spencer Hochberg,
Inward small side triple flip,,"spin, wrap, flip, varial",Inward small side flip with 3 wheel rotations,,,,,Inward small side double flip,,Trey Haun,
Inward Small Spin,inward small,"spin, wrap, varial",360 unispin + 180 body varial in opposite directions (uni spins 180 degrees relative to ground),,,,,Body varial,,Emile Mathieu,
Inward Small triple flip,,"spin, flip, varial",Inward small flip with 3 wheel rotation,,,,,Inward small double flip,,Emile Mathieu,
inward varial spin,,"spin, varial",inward small spin from seat in (a fullout spin with a body varial in the opposite direction),,,,,inward small spin,,Trey Haun,
inward varial back flip,inward varial back,"spin, flip",inward varial flip with backwards wheel rotation,,,,,Inward varial spin,,Emile Mathieu,
inward varial double flip,inward varial double,"varial, spin, flip",Inward varial flip with 2 wheel rotation,,,,,Inward varial flip,,Emile Mathieu,
inward varial flip,,"spin, flip",inward varial spin + crank flip,,,,,"Inward varial spin, crank flip",,,
Inward Varial kick flip,,"spin, flip",Inward varial flip but the wheel rotation speed is produced by a kick of the tire,,,,,Inward varial spin,out change kickflip,Emile Mathieu,
Inward Varial Roll,"53s, transfer varial roll",roll,A varial roll where your back leg wraps around the seat during the motion of moving to the outside crank position,Arthur Caron,,,0:53,,,Emile Mathieu,"Was originally named 53s as it was at the 53rd second in the video it was first shown. Read ""Samiaul's post https://forum.monocycle.info/viewtopic.php?f=20&t=5991&start=60"
Inward X Roll,,roll,X roll but the foot crosses in front of the seat rather than over,Emile Mathieu,,,,,,,
Ivar Coast,forward coast (as a sibbling to the sidecoast that is the same thing but body twisted so side faces traveling direction),coast,"no feet straight forward, hands like in a scuff",Tim Desmet,2017,https://youtu.be/-ntoatqpudg,0:09 and 0:28,,,Ivar Christenson,Tim Desmet made two revs before but through 2017 Ivar and also Ayrton took it from three revs to safety
Jelly Roll,,roll,"Begin on your front crank in outside crank position. Roll forward half revolution and rotate your body away from the uni (e.g., if you ride right foot in front, you will turn to your right) Your free leg goes over the tire, between the frame and your other leg, and that foot will land on the other crank in the inside crank position (this foot will be facing the opposite direction as your other foot) then roll a half revolution backwards",Jelle Dillen,,,,ludwig roll,,Trey Haun,not pronounced like Jelle's name. It is pronounced jelly.
Jump Mount,,mount,jump onto your uni!,,,https://youtu.be/rO5kkIwhCwk?si=bzsy8YrXNO1NLtW7,,,,Ivar Christenson,
Kick Flip,,flip,"no footer, kick the tire with your foot to initiate 1 wheel rotation, land back on pedals/cranks",Adrien Delecroix,2008,,,no footer,,Adrien Delecroix,
Kick Up Mount,,mount,"unicycle starts laying on ground, rider puts one foot on the pedal/crank and uses the other foot to kick/lift the saddle up to normal riding position, then rides away",,,,,,,Joe Smotherman,
King Flip,,"Spin, flip, varial",a full out flip and a 360 hoptwist in the same direction,Waylon Batt,,https://youtu.be/BRLKzOf0pvE?si=Pl-14C4Px6N2I-mO&t=13,0:13,prince flip,,Trey Haun,
Kinked Rail Grind,,grind,grind on a rail that changes from sloped to flat or sloped to a different degree of slope,,,,,,,Noli Ergas,
Knee bounce,Knee Brand,wild,Land with your upper shins on the tire,,,https://youtu.be/YoF1CfIYwVA?feature=shared&t=41,0:41,,,Trey Haun,the combo in the video example is 90 unispin / knee bounce / 270 unispin
Knee jam,,"jam, wild",jam one of your shins between the crown of the frame and the top of the tire,,,https://youtu.be/I2DMYyC3ENU?feature=shared&t=154,2:34,,,Trey Haun,
Knee Kick Flip,,"flip, spin","hick kick flip where the wheel rotation is produced by ""kicking"" the tire with your knee (the spot just under your knee, above your shin)",Dan Colvin,2015?,https://youtu.be/fmutQUyp0SI?feature=shared&t=104,1:44,hick kick flip,,Trey Haun,"""...may be one of the most disgusting tricks ever landed."" - Dan Colvin"
Knee step over ,,Roll,"Like a traditional step over, but your knee touches the tire instead of your foot",David Moscoe ,,https://youtu.be/hd1w8IruHpM?feature=shared&t=113,1:53,,,Trey Haun,
Lace Walk,,walk,,,,,,,,,
Late,,prefix,"trick begins after the rider and/or unicycle have left the ground, preferably at the peak or after the peak of the jump",,,,,,,Noli Ergas,
Leg Wrap,,wrap,"one foot leaves the pedal/crank/tire, wraps around seat, and lands back on pedal/crank/tire",,,,,,,Noli Ergas,
Leg Wrap Grind,,"wrap, grind",grind where one of the legs wraps around the seat mid-grind,,,,,leg wrap,,Noli Ergas,
Leg Wrap Swivel Grind,,"wrap, grind",swivel grind with a leg wrap,Shaffer Nickel,,,,"swivel grind, leg wrap grind",,Noli Ergas,
Levitation Roll,,,"a foot moves in contact with the tyre from around ground level up to the crown, moving the unicycle at the same time as causing the body on top of the foot to lift up, levitate, in a way",Pablo Codes,2015,https://youtu.be/MuRfiorpsx0,1:30,,,Ivar Christenson,
Lollipop,,basic,"crank stall where rider does a full wheel revolution with the crank and/or pedal constantly in contact with the obstacle; for half the revolution, the pedal is in contact with the obstacle, for the other half revolution, only a small portion of the crank is in contact as the wheel spins",,,,,,,Noli Ergas,
Ludwig Roll ,,roll,"a forward x roll where the seat is passing behind your back like in a rolling wrap, but your leg moves between the frame and the leg already standing on the crank",Ludwig Felhofer,,https://youtu.be/-ntoatqpudg,0:36,,,Trey Haun,
In flip under flip,Machleda,"spin, flip",In-flip + underflip,Michael Bachleda,Circa 2015-2016?,,,,,Jack Sebben,
Macro Spin,,"spin, varial",900 unispin + 180 body varial in the same direction,Eli Brill,,,,Mammoth spin,,Emile Mathieu,
Mammoth Spin,,"spin, varial",720 unispin + 180 body varial in the same direction,Christian Huriwai,,,,Huge spin,,Emile Mathieu,
Maxwhip,,whip,"feet leave pedals, seat is thrown backwards and whips around wheel one full revolution, feet land on pedals",Max Schulze,2010,https://vimeo.com/13113979,2:15,,,Noli Ergas,
Mega backside jump,mega backside,wrap,"from the outside crank position, jump up, bring free leg in front of the seat and wrap around behind the seat like for a backside jump, land back on pedals/cranks (typically done after a roll)",,,,,,,Trey Haun,"In the Unicycling Society of America Flatland Levels, mega side jump is listed as a trick in Level 8. However, by the definition they give this is actually mega backside jump, a different trick from mega side jump."
Mega side jump,mega side,wrap,"from the outside crank position, jump up, bring free leg behind the seat and wrap around in front of the seat like for a side jump, land back on pedals/cranks (typically done after a roll)",,,,,,,Trey Haun,
Monkey,monkey handstepover,handstepover,Both feet passing between arms in same direction as one hand holds the tire and one the saddle,Ivar Christenson,2017,https://youtu.be/xAYNzh54yhM,0:35,,,Ivar Christenson,
monkey jump,,,Jump both feet between hands holding saddle on each end,Elias Pöham,,,,,,Ivar Christenson,
monkey kick,,flip,"HOW with one of the feet pushing on the tire to make the wheel rotate 1 revolution, land back to pedals",,,,,,,Emile Mathieu,
monkey kick on tire,,flip,Monkey kick but land back to tire,,,,,Hop on Wheel,,Emile Mathieu,
Ninth Flip,ninth,"Spin, Flip",900 Unispin + Crankflip,Adrien Delecroix,,https://youtu.be/4TmK5XZZkZ0,0:00,Sej flip,,Michael Bachleda ,
Ninth Side Flip,Ninth side,"Spin, wrap, flip",900 side spin + crank flip,,,,,sej side flip,900 side spin,Trey Haun,
No Footer,,basic,"feet leave pedals, feet return to pedals",,,,,,,Noli Ergas,
No Footer Tire Grab,,basic,no footer + tire grab,,,,,no footer,,Noli Ergas,
No Hander,Condor,basic,hop where seat hand is released and both arms are stretched out to the side while in mid-air,,,,,,,Noli Ergas,
One foot,One footed riding,"Ride, basic",Ride with one foot,,,,,"riding, idling",,Ivar Christenson,
one foot coast,,coast,roll,,,,,One foot,,Emile Mathieu,
One footed wheel walk,One foot wheel walk,walk,Wheel walk with one foot on the frame and the other one on the tire propelling the unicycle forward,,,,,wheel walk,,Emile Mathieu,
One Footer,,basic,"hop, while in the air one foot leaves the pedal, return free foot to pedal upon landing",,,,,,,Noli Ergas,
One footer overflip,,"basic, flip",One footer + overflip,,,,,"one footer, over flip",,Jelle Dillen,
Out,,prefix,"spin trick that starts from seat in between the rider's legs (""seat in"")",,,,,,,Noli Ergas,
Out 540 unispin,,spin,540 unispin from seat in,,,,,540 unispin,fullout spin,Nakul Mohakar,
Out 720 unispin,"out 7, out 7 spin",spin,720 unispin from seat in,Eli Brill?,,,,Out 540 unispin,720 unispin,Emile Mathieu,
Out antiside over flip,,"spin, flip, wrap","outspin toward front foot, kick front pedal with front foot (over flip), wrap other leg around seat",Levi Prindle,2025,https://youtu.be/Z5mJmUUEMZQ?si=my7gYsCQxQlL0fq3&t=157,2:37,"out over flip, antiside spin",,Trey Haun,
Out Back Flip,out back,"spin, flip",out flip with backwards wheel rotation,,,,,"out spin, back crank flip",,Emile Mathieu,
Out backside spin,,"spin, wrap","starting seat in, jump up, spin 180 degrees out from behind your leg, land back on pedals with seat out in front of you",,,,,180 unispin,,Nakul Mohakar,
out backside flip,,"spin, wrap, flip",out backside spin + crank flip,,,,,out backside spin,,Trey Haun,
out backside double flip,,"spin, wrap, flip",out backside spin + double flip,,,,,out backside flip,,Trey Haun,
out backside triple flip,,"spin, wrap, flip",out backside spin + triple flip,,,,,out backside double flip,,Trey Haun,
out backside overflip,,"spin, wrap, flip",out backside spin followed by an over flip,Scott Julian,2024,,,out backside spin,,Trey Haun,First landed by Scott Julian and Levi Prindle in the same session at UniCon21
Out double back flip,,"spin, flip",Out back flip with 2 wheel rotation,,,,,out back flip,,Emile Mathieu,
Out double flip,,"spin, flip",Out flip with 2 wheel rotation,,,,,out flip,,Emile Mathieu,
Out Fifth Back Flip,out fifth back,"spin, flip",Fifth back flip from seat in,,,,,full out back flip,,Emile Mathieu,
Out Fifth Double Flip,,"spin, flip",fifth double flip from seat in,,,,,out fifth flip,,Emile Mathieu,
Out Fifth Flip,,"spin, flip",fifthflip from seat in,,,,,full out flip,,Emile Mathieu,
Out Fifth Triple Flip,,"spin, flip",fifth triple flip from seat in,Michael Bachleda,,,,out fifth double flip,,Emile Mathieu,
Out Flip,,"spin, flip",out spin + crank flip,,,,,"Out spin, crank flip",,Noli Ergas,
Out Fourth flip,,"spin, flip",out 450 + crankflip,,,,,,,Jelle Dillen,
Out Fourth doubleflip,,"spin, flip",out 450 + doubleflip,Karel Dyselinck?,2021,,,out fourth flip,,Jelle Dillen,
Out ninth flip,out ninth,"spin, flip",ninth flip from seat in,,,,,out sej flip,,,
Out quad flip,,"spin, flip",Out flip with 4 wheel rotation,,,,,out triple flip,,Emile Mathieu,
Out Over In Flip,,"spin, flip","outspin, underflip, inspin opposite direction",Manuel Vetter?,2016,https://youtu.be/l8gaGq44ozc?si=VItwFuDkTgbP-meb&t=31,,x up under flip,,Trey Haun,
Out Sej Double Flip,out sej double,"spin, flip",720 unipsin + double flip from seat in,Waylon Batt,,,,out sej flip,,Emile Mathieu,
Out Sej Flip,out sej,"spin, flip",720 unipsin + flip from seat in,Eli Brill,,,,out fifth flip,,Noli Ergas,
Out sex change,out change,"varial, flip",Sex change from seat in,,,,,out flip,,Emile Mathieu,
Out sex change backflip,out change back,"varial, flip",Sex change from seat in with backwards wheel rotation,,,,,out back flip,,Emile Mathieu,
Out Spin,,spin,180 unispin starting seat in,,,,,180 unispin,,Emile Mathieu,
Out triple flip,,"spin, flip",Out flip with 3 wheel rotation,,,,,out double flip,,Emile Mathieu,
outisde crank jam,,jam,"When the rider jams his foot on the crank, with the outside of his foot towards the frame",,,,,inside crank jam,,Emile Mathieu,
Outside inward varial stepover roll,,"roll, stepover","First half outsideroll forward, then put free foot on tire/crown to step up on it as you twist your body 180 degrees, then finish like your standard back roll stepover",Bobousse perhaps? ,,https://m.facebook.com/story.php?story_fbid=10155465618552879&id=779872878,0:23,"outside roll, back roll step over",,Trey Haun,
outside jam,,jam,"When the rider jams his foot on the tire, with the outside of his foot towards the frame",,,,,inside jam,,Emile Mathieu,
Outside Push Mush,,roll,"Ideling on crank, outside position, pushing wheel in both directions",,,,,Push Mush,,,
Outside Roll,,roll,"Standing on outside crank pointing forward, push tire once to move half rev forward, push tire second time and lift standing foot at the same time (little jump) half rev forward",,,,,,,Ivar Christenson,
Outside roll flip,,roll,"Outside roll where the second half is a jump in where the wheel rotates, most standard 1,5 revolution crankflip",,,,,"Outside roll, back roll flip",,Ivar Christenson,
Over Blunt Grind,,grind,grind where mid-grind the wheel goes over the obstacle and the opposite crank/pedal grinds the other side of the obstacle,Kevin McMullin,,https://youtu.be/Kr4S5UwWKR8,1:41,,,Kevin McMullin,
Over Double Flip,,flip,Over flip with 2 rotations,,,,,over flip,,Emile Mathieu,
Over Flip,,flip,"feet leave the pedals, while the unicycle wheel is in mid-air, the rider's front foot kicks the forward pedal causing the wheel to do one rotation forwards, feet land on pedals",,,,,no footer,,Noli Ergas,
Over Triple Flip,,flip,Over flip with 3 rotations,Maxime Peabody,,https://www.youtube.com/watch?v=hd1w8IruHpM,2:56,over double flip,,Emile Mathieu,
Pedal Flip,,basic,pedal is spun on its axle by either foot or hand,,,,,,,Noli Ergas,
Pedal grab,,basic,Jumping with the pedal landing on an obstacle ,,,,,,,Noli Ergas,
Pedal Stall,,basic,landing on an object with the pedal and spending a moment in this position,,,,,,,Noli Ergas,
Pick Up Mount,,mount,,,,,,,,Noli Ergas,
Popcorn Flip,,flip,,,,,,,,,
Pre-Hop,,basic,"smaller hop made to compress the tire upon landing, enabling a larger second hop using the rebound of the tire",,,,,,,Noli Ergas,
Pressure Flip,,flip,"feet leave pedals, push the unicycle forward on the ground to initiate wheel rotation, lift uni so that wheel completes rotation in the air, feet land on pedals",Dan Colvin,2014,https://www.youtube.com/watch?v=kpa6tYsnq-k,1:11,crank flip,,Noli Ergas,
Prince Flip,,"flip, twist, spin",360 hoptwist + out flip in the same direction,,,https://youtu.be/2d09i4FEmmw?si=rI7dPA4n7fCLBIKV&t=104,1:44,varial flip,,Trey Haun,
The Prindle*,"Pringle, Prindle Backside",wild,"jump off the pedals and let the unicycle fall to one side, catching the seat with one foot and the other foot on the crank. Then launch the seat to the other side, behind your leg, so that it does a 180 backside spin. Then catch the seat when you land back on the pedals/cranks",Levi Prindle?,,,,"kick up mount, out backside spin",,Trey Haun,*naming yet to be confirmed by the creator
Push Mush,,roll,"Ideling on crank, inside position, pushing tire in both directions",,,,,inside crank jam,,Noli Ergas,
Quad Back Flip,,flip,crank flip where wheel does 4 revolutions forward,Adrien Delecroix,2010,,,Triple back flip,,Adrien Delecroix,
Quad Flip,Quad,flip,Crank flip with 4 rotations,Loic Baud,2008,,,Triple flip,,Adrien Delecroix,
Quad Leg Wrap,,wrap,four leg wraps in a row,,,,,triple leg wrap,,Trey Haun,
Quad Swivel Grind,,grind,pedal grind where wheel does 4 full revolutions during grind,Noli Ergas,,,,triple swivel grind,,Noli Ergas,
Quint Flip,Quint,flip,Crank flip with 5 rotations,Christian Resch? or Eli Brill?,,,,quad flip,,Emile Mathieu,
Quint Swivel Grind,,grind,pedal grind where wheel does 5 full revolutions during grind,Noli Ergas,,,,quad swivel grind,,Noli Ergas,
Rail Ride,,wild,"jump to sloped rail, tire lands on rail, rider rides the entirity or portion of the rail",,,,,,,Noli Ergas,
The Rapture,,"spin, wrap, flip","start a full-out-backside-spin, then after 180 degrees you kick the front pedal with your back foot to initiate a crank flip, then complete the spin with the last 180 degrees and land back on pedals",Scott Julian,,https://youtu.be/2d09i4FEmmw?si=9VlxTjE1V6wYITtr&t=197,3:17,fullout backside spin,,Trey Haun,
Rear Tire Grab,,basic,hop with free hand grabbing rear side of tire in mid-air,,,,,tire grab,,Noli Ergas,
Rev,,rev,"wheel leaves ground, feet pedal the wheel through one revolution, wheel lands on ground",Adam Ryznar,,,,,,Noli Ergas,
Rev Backrev,,rev,Rev then back Rev before landing on the ground,Christian Huriwai,,,,"rev, back rev",,Jelle Dillen,please we need the video of this one
Rev double flip,Revdouble,"Rev, flip","Hop, do a half rev,then let go of the pedals so they flip 2,5 rotations, land",,,,,revflip,,Loïc Miara,
Rev Fullout flip,rev fullout,"rev, flip, spin","hop, do a half rev, then let go of the pedals so they flip 1.5 revolutions while spinning 360, land",Maxime Peabody,,,,revflip,,Trey Haun,
Rev triple flip,,"Rev, flip","Hop, do a half rev, then let go fo the pedals so they flip 3,5 rotations, land",Mimo Seedler,2022,https://www.youtube.com/live/cWC3CfPkY8w?feature=shared&t=13581,,rev double flip,,Trey Haun,
Reverse Jelly Roll,,,,Dan Colvin?,,,,,,Trey Haun,
Reverse Miyachi Roll,,,,,,https://youtu.be/qluie7Pbd3E?si=s-Ho_sPFJA4_XUww&t=191,3:11,,,Trey Haun,
Reverse Rolling Wrap,"back rolling wrap, backwards rolling wrap",roll,"starts similar to a backroll, but your hand should be on the handle of the seat. after the first half roll backward, the free foot (front foot) goes to the other crank. The seat is passed behind your back to your other hand and there will be a moment when both feet are on the cranks and both hands are on the seat. Then pass the seat to your other hand as your front foot rolls the second half revolution backward (this may sound like a very complicated explanation but just imagine a rolling wrap in reverse)",,,https://youtu.be/QkvT4tQBISw?feature=shared&t=116,,"rolling wrap, back roll",,Trey Haun,
Reverse Side Jump,,wrap,"both feet leave pedals, one leg wraps inward around seat, feet land on pedals",,,,,,,,
Reverse Side Flip,,"wrap, flip",reverse side jump + crankflip,Ludwig Felhofer,2012,https://www.youtube.com/watch?v=xoS1vFw7akY,1:55,reverse side jump,,Ludwig Felhofer,
Reverse Storm Roll,,roll,storm roll done in the reverse order,Emile Mathieu,2013,https://www.youtube.com/watch?v=xAWihuGItns,0:00,,,Emile Mathieu,
Revflip,,"Rev, flip","Hop, do a half rev,then let go of the pedals so they flip 1,5 rotations, land",,,,,rev,crank flip,Loïc Miara,
Rewind,,flip,"hop, wheel leaves ground and initiates a crankflip, then once the wheel is fully around use your free hand to pull the wheel in the opposite direction until it is back to where it started, land.",Forrest Rackard,2011,https://www.youtube.com/watch?v=zVjzzimyqUw,1:34,crank flip,,FAR,
Riding,,basic,pedaling while maintaining balance,,,,,,,Nakul Mohakar,
Rhythm Roll,,roll,"with seat in front, roll forward a half revolution on the front crank, then place other foot on the other crank and roll the second half revolution forward",,,,,Push Mush,,Trey Haun,
Robot Walk,Footed Swivel Grind,grind,pedal grind where wheel does one full revolution during grind and both feet stay on pedals at all times,,,,,,,Emile Mathieu,As seen in Universe 2
Rolling,,prefix,indicates trick is done while riding forward (as opposed to static),,,,,,,Emile Mathieu,
Rolling Mount,,mount,mounting the unicycle while walking forward without stopping the wheel,,,,,,,Noli Ergas,
Rolling Wrap,wrap roll,roll,"a rhythm roll and seat wrap happening simultaneously (half roll forward while wrapping the seat away from your front foot, behind your back. As you switch the seat to your other hand behind your back, your free foot moves to the other crank. Do the second half roll with that other foot while wrapping the seat back around in the same direction, and end with the seat in front of you)",Dan Heaton,,,,Rhythm Roll,,Trey Haun,"While wrap roll can be used as an alternate name for rolling wrap, it can also refer to a different roll... see Wrap Roll below"
Rolloroll,crankcoast,"roll, coast, toetwist",rolling through the half of the rev where the crank points upwards by standing on the rollodisc,Ivar Christenson,2017,https://youtu.be/0b-Ggx_YnZg,,,,Ivar Christenson,
Schulze Walk,,walk,propell unicycle forward with feet on cranks and seat in back,Max Schulze,,,,"Rolling Wrap, Rhythm Roll",,Noli Ergas,
Scissor Backside Flip,Scissor Backside,"spin, flip, wrap","out backside spin around one leg followed by a backside jump around other leg, with a crankflip happening simultaneously ",Eli Brill,2023,https://www.youtube.com/watch?v=GpR2xIKQR1E,,,,Trey Haun,
Scissor Flip,,flip,,Eli Brill,,,,,,Noli Ergas,
Scissor Side Spin,Scissor Side,"spin, wrap",180 side spin around one leg followed by 180 side spin around the other leg (opposite spinning direction),Eli Brill,,https://youtu.be/vn_hHoIKoiQ?feature=shared&t=363,,,,Trey Haun,"If you know of a better video example of the Scissor Side spin, please feel free to replace the video link"
Scoop Flip,,flip,"foot plant on obstacle, hit pedal on an obstacle to initiate wheel rotation, wheel does one rotation, land on pedals",Connor Wurst,,,,,,Noli Ergas,
Scuff coast,,coast,One footed seat in front backwards coasting,,,,,Scuff Walk,,Emile Mathieu,
Scuff coast toetwist,,Coast,Transition between scuff backwards inside to outside forward or from backwards outside to inside forward by twisting around on your toes on the crown,Pablo Codes,2018,https://www.instagram.com/p/BgZNWmBnMjA/,,Scuff Coast,,Ivar Christenson,
Scuff glide,,glide,One footed seat in front backwards gliding,,,,,,,Ivar Christenson,
Scuff walk,,walk,Repeted short scuffglides powered by kicks on the wheel,,,,,,,Ivar Christenson,
Seat bounce,,basic,"starting seat out in front with feet on cranks or pedals, throw the seat forward so that the handle hits the ground and the seat bounces back up (SEE NOTE)",,,,,,,Trey Haun,"WARNING: while this trick can be addictively fun and entertaining, do not do it too much or you can shatter your seat handle!"
Seat drag,,basic,Riding with the seat dragging on the ground behind you,,,,,,,,
Seat drop,,basic,"standing with feet on cranks, angle your front foot into the spokes/wheel a little bit, so that when you let go of the seat and allow it to drop forward, your foot stops it at about a 45° angle. See how long you can balance before grabbing the seat back up again",,,,,,,Trey Haun,
Seat Drop Grind,,grind,grind where a seat drop is performed mid-grind,,,https://www.youtube.com/watch?v=tAM2s-cgiqk,2:12,,,Noli Ergas,
Seat grab,,basic,"lands on a object with the saddle, so it supports the rider, like a pedal or crank grab",Elias Pöham,,https://www.youtube.com/watch?v=hw7AJ3DH70k,1:52,,,Joe Smotherman,
Seat In,SI,prefix,"the seat is ""in"" between the rider's legs",,,,,,,Emile Mathieu,
Seat In Back,SIB,prefix,seat in behind; seat not between the riders' legs,,,,,,,Emile Mathieu,
Seat In Front,,prefix,"trick that initiates with the seat in front of the rider, not between the rider's legs",,,,,,,Noli Ergas,
Seat In Front Hop,,basic,hop with the seat in front of the rider,,,,,,,Noli Ergas,
Seat Out,"Seat in Front, SIF",prefix,seat is in front; seat is NOT in between the rider's legs,,,,,,,Emile Mathieu,
Seat pivot,,Pirouette,Only seat is in ground and you spin,,,,,,,Ivar Christenson,
Seat push,Drag seat in front,basic,Riding with the seat being pushed on the ground in front of you,,,,,,,,
Seat Whip,Whip,whip,"When the seat(and frame) whips around the wheel, forward or back (the wheel is not rotating)",,,https://www.youtube.com/watch?v=OesxG6dY8MQ,,,,Trey Haun,
Seat Whip Crank Grab,,whip,"When the seat(and frame) whips around the wheel, forward or back, while one or both of the cranks are on an obstacle",Dan Heaton,,https://www.youtube.com/watch?v=tAM2s-cgiqk,1:14,,,Noli Ergas,Dan Heaton landed this from crank grab
Seat Whip Grind,,"grind, whip",grind with a seat whip done mid-grind while the cranks stays in contact with the ledge/rail,Matty Porter,,https://www.youtube.com/watch?v=IKP8G4K7xnA,2:48,,,Noli Ergas,
Seat Wrap,,wrap,leg around (leg 1) to seat in back to leg around (leg 2),,,,,,,Emile Mathieu,
Secret Side,,"spin, wrap","unispin where seat of the unicycle wraps around behind both legs (to the side, behind, other side, and back in front). Basically, a sidespin followed by a backside spin, in the same jump",Krisz Kovacs,,,,,,Trey Haun,
Secret side flip,,"wrap, flip",secret side jump + crank flip,,,,,,,Trey Haun,
Secret side jump,,wrap,"jump off pedals, seat wraps around one leg, behind both legs, back in front (no spin of seat)",Mario Bel,,,,,,Trey Haun,
Sej double flip,Seventh Double flip,"spin, flip",720 unispin + double flip,Felix Aspalter,,https://www.youtube.com/watch?v=w_cO5c0sjLE,,sej flip,,Emile Mathieu,
Sej flip,Seventh Flip,"spin, flip",720 unispin + crank flip,Shaun Johanneson,,,,fifth flip,,Emile Mathieu,"Shaun Johanneson landed it first and named it SEJ flips. It stands for Shaun Eric Johanneson flip. Although it was clearly done by Shaun first and he clearly stated the name of the tricks, some riders insist on calling the trick seventh flip."
Sej quad flip,Seventh Quad Flip,"Spin, Flip",720 unispin + quad flip,Colby Thomas,,https://www.youtube.com/watch?v=Q7TkW3YBLxI,1:18,sej triple flip,,Emile Mathieu,
sej triple flip,Seventh Triple Flip,"Spin, Flip",720 Unispin + triple crankflip,Colby Thomas,,https://youtu.be/C8zBHl7i_dg,1:00,sej double flip,,Michael Bachleda,
sej secret side flip,seventh secret side,"spin, flip, wrap",720 secret side + crank flip,,,https://youtu.be/1ZUtTN5lwyQ?feature=shared&t=218,3:38,fifth secret side flip,,Trey Haun,
sej side flip,seventh side flip,"spin, flip, wrap",720 side spin + crank flip,,,https://youtu.be/eYGtxf5dkLI?feature=shared&t=58,0:58,fifth side flip,720 side spin,Trey Haun,
Sej side double flip,sej side double,"spin, flip, wrap",720 side spin + double flip,Stephane Ranc,,https://www.youtube.com/shorts/myKr9irF8v4,,sej side flip,,Trey Haun,
Sex Change,,"varial, flip",body varial + crank flip,Shaun Johanneson,,http://www.relentlessbyfate.com/tricks.php,,hick flip,,Emile Mathieu,This trick has a weird name as it's a flip trick but does not finish with the word flip
sex change back flip,sex change back,"varial, flip",Sex change with backwards wheel rotation,,,,,hick back flip,,Emile Mathieu,
Sex Change Double Flip,,"varial, flip",body varial + double flip,,,,,sex change,,Emile Mathieu,
Sex change kick flip,,"spin, flip",Sex Change but the wheel rotation speed is produced by a kick of the tire,,,,,hick kick flip,,Emile Mathieu,
Sex Change Triple Flip,,"varial, flip",body varial + triple flip,,,,,sex change double flip,,Emile Mathieu,
Sext flip,,flip,"Hop, cranks flip for 6 revolutions, land",Kevin Gaudillère,,,,quint flip,,Loïc Miara,Done off of a ledge
Shiftie,,basic,hop where the wheel is twisted perpendicular to the direction of travel in mid-air and returned to the plane of travel upon landing,,,,,,,Noli Ergas,
Side,,prefix,both legs of rider are on one side of the unicycle during or at some point duirng the trick,,,,,,,Noli Ergas,
Side coast,,coast,"hands on saddle, feet in air, side of body facing the direction coast is traveling",,,,,,,Ivar Christenson,
Side Double Flip,,"wrap, flip",side jump + double crank flip,,,,,side flip,,Emile Mathieu,
Side Flip,,"wrap, flip",side jump + crank flip,,,,,"side jump, crank flip",,Noli Ergas,
Side Hop,,basic,"Hopping with one foot on the opposite pedal. The other leg is crossed behind you on the tire, or ext.",,,,,,,,
Side Jump,,wrap,"both feet leave pedals, one leg wraps around seat, feet land on pedals",,,,,leg wrap,,Noli Ergas,
Side Jump Mount,,"mount, wrap",,,,,,jump mount,,,
Side Mount,"Ladies mount, leg around mount",mount,"one feet on pedal in lowest position, step up and move leg via the front of your seat to the other pedal",,,https://youtu.be/XZcMi30vvAg?si=LYjCK70LuM4oJwXe,,,,,
Side Quad Flip,in-in side quad,"wrap, flip",quad flip + side jump,Levi Prindle,,https://youtu.be/Z5mJmUUEMZQ?si=-82Bq-ZWcrXHfxwp&t=179,2:59,side triple flip,,Trey Haun,
Side Ride,,Ride,on the side of unicycle riding one foot (with foot that is closest to the wheel) ,,,,,,,Ivar Christenson,
Side Triple Flip,,"wrap, flip",side jump + triple crank flip,Stereim (real name?),,,,side double flip,,Emile Mathieu,
Sideways Wheel Walk,"side walk, crab walk",Walk,"Standing on the tire, unicycle perpendicular to the rider, wheel walk",,,,,,,Emile Mathieu,
Small flip,,"twist, spin, flip",Small spin + flip,,,,,"small spin, crank flip",,Emile Mathieu,
Small side flip,,"twist, spin, flip",Small side spin + flip,,,,,"small side spin, crank flip",,Emile Mathieu,
Small side spin,,"twist, spin",Small spin + side,,,,,"180 side spin, 180 body varial",,Emile Mathieu,
Small Spin,,"twist, spin",180 unispin + 180 body varial in the same direction,,,,,"180 unispin, 180 body varial",,Emile Mathieu,
Smiley Walk,,walk,"Seat in back wheel walk, while supporting your weight in your arms",Ryan Woessner,,,,,,August Agerskov,
Spencer Flip,,"bc wheel, flip","On BC wheel, start riding upstairs, jump off the platforms, and land back on them after they've flipped down to the normal position",Spencer Hochberg,,,,Upstairs,,Nick Braun,
Stand up backwards wheel walk,Stand up koosh,walk,Standing on the frame while one foot pushes you backwards (the foot is behind the frame),,,,,,,Emile Mathieu,
Stand up gliding,,"walk, coast",Stand up wheel walk with enough speed that the tire glides underneath the rider's foot,,,,,,,Emile Mathieu,
Stand up wheel walk,Stand up,walk,Standing on the frame while one foot pushes you forwards (the foot is in front of the frame),,,,,,,Emile Mathieu,
Static,,prefix,indicates trick begins from a static position (i.e. the unicycle is not rolling forwards or backwards),,,,,,,Noli Ergas,
Static Trey Quad,,"flip, spin",360 unspin + Quad Crankflip (from static position),Jack Sebben,2023,,,Static Trey Triple,,Jack Sebben,
steeze coast,,coast,A coast started from the steeze jam position,,,,,steeze jam,,Emile Mathieu,
Steeze Hands,,wild,"placing the hands behind the head upon the completion of a trick, hence increasing the level of steaze",,,,,,,Noli Ergas,
steeze jam,,jam,Basically an outside jam with 2 feet,,,,,outside jam,,Emile Mathieu,
Stillstand,,"basic, balance",staying in one place on the unicycle without idling or hopping,,,,,,,Noli Ergas,
Stomach balance,,"balance, position","saddle on your stomach hip or thighs, stay in balance sideways using your hands on the wheel and front to back by having your whole body doing like the arms in a normal stillstand",,,https://youtu.be/K4F-z7ZJky4,1:15,,,Ivar Christenson,
Storm Roll,,"roll, stepover","Begin in outside roll position. After the first push (one half rev roll forward), with the seat in front of you, twist your body away from the unicycle in a 180 body varial and place your back foot on the other crank in the inside position. Then use your front foot and brace it against the tire while you continue the body varial to make it 360. during this transition you switch your back foot around on the same crank to be in the outside roll position. Then finish the roll by moving the last half rev forward on your back foot. Whew. That's a long description. Intimidated yet?",Nathan Miyachi,,https://www.youtube.com/watch?v=2Rk84MWNzrk,0:00,,,Trey Haun,"Don't worry, it's even harder than the description makes it seem"
Stutter 360 backrev,,"twist, rev",180 backrev to late 180,Kosma Roy,,,,"back rev, 360 Twist",,Loïc Miara,
Stutterbackflip,,flip,Backflip + underflip,,,,,"back crank flip, under flip",,Jelle Dillen,
Stutter Flip,,flip,Crankflip + Over Flip,,,,,"crank flip, over flip",,Noli Ergas,
Stutter Grind,,grind,grind where pedal/crank leaves obstacle mid-grind and then lands back on obstacle to continue grind,,,,,,,Noli Ergas,
Stutter rev,,rev,Rev + late rev,Loïc Miara,,,,rev,,Loïc Miara,
Suicide Mount,,mount,"unicycle is balanced on ground, rider removes hands and feet from unicycle, riders jumps onto unicycle",,,,,Jump mount,,Noli Ergas,
Suicide Spin,YouTube friendly name: Super-Side Spin,"spin, wrap","unispin where the seat comes out from behind one leg, wraps around in front of both legs, and around the other leg (Basically, a backside spin followed by a side spin, in the same jump)",Eli Brill,,https://youtu.be/h4T3ox4W-mM?si=HncN6S1XJ2c1MZq_&t=263,4:23,fullout backside spin ,360 side spin,Trey Haun,
Super Roll,Super Rolling Wrap,roll,Leg wrap to rolling wrap to leg wrap,,,,,"rolling wrap, leg wrap",,Trey Haun,
Superman,,wild,"one hand holds seat and other hand holds tire while legs are kicked out backwards, creating a horizontal body position like Superman flying",,,https://www.youtube.com/watch?v=o_YgfuT6I2g,0:23,,,Noli Ergas,kick legs higher for extra style points
Switch,,prefix,With the less comfortable foot forward or hand on the seat (used by itself usually refers to foot position),,,,,,,Noli Ergas,
Switch Foot,switch,prefix,When the rider's less comfortable foot is in front,,,,,,,Emile Mathieu,
Switch hand,,prefix,When the rider's less comfortable hand is used,,,,,,,Emile Mathieu,
Switcheroo Grind,,grind,"rider jumps from normal foot position, does a half rotation, grinds in a switch foot position ",,,,,,,Noli Ergas,
Swivel Grind,,grind,"pedal grind where wheel does one full revolution during grind, generally by pumping the unicycle with the hand holding the handle",Pele Schramm,,,,,,Noli Ergas,
Swivel Rewind,,grind,"grind where wheel rotates one direction, then rotates the opposite direction during the grind",Pele Schramm,,https://www.youtube.com/watch?v=OZ6P-qRUPuU,3:08,,,Noli Ergas,
Swivel Rewind Replay,,grind,"grind where wheel rotates one direction, then rotates the opposite direction, then rotates the original direction during the grind",Noli Ergas,,https://www.youtube.com/watch?v=OZ6P-qRUPuU,3:13,,,Noli Ergas,
Tenth Flip,"X flip, Tenth flip, 10 flip","flip, spin",1080 unispin + crank flip,Eli Brill,2017,https://www.youtube.com/watch?v=UhVM_cV1XiU&t=142s,3:30,ninth flip,1080 unispin,Emile Mathieu,
Tenth Side Flip,"Tenth side, 10 side flip","spin, wrap, flip",1080 side spin + crank flip,Michael Bachleda,2023,Tenth Side & Out Fifth Quad,,Ninth side flip,1080 side spin,Trey Haun,
Tic Out-Tac,,flip,half crankflip + switch under out half flip,Jack Sebben,2014,,,,,Jack Sebben,
Tic Tac,,flip,half crankflip + switch under half flip,,,,,,,Jack Sebben,
Tic Tac Double,,flip,half crankflip + switch under 1.5 flip,Jack Sebben,Circa 2013-2014,,,Tic Tac,,Jack Sebben,
Tic Double Tac,,flip,1.5 crankflip + switch under half flip,Jack Sebben,2013,,,"double flip, Tic Tac",,Jack Sebben,
Tico Tico,,grab,pedal grab to pedal grab,,,,,,,Emile Mathieu,
Tic X Tac,,flip,hick half flip + switch over hick half flip (spinning in opposite direction),Jack Sebben,2015,,,"Tic Tac, hickflip, switch flip",,Jack Sebben,
Tiger flip,out anti backside flip,"flip, spin, wrap",,Dan Colvin? Josef Sjonneby?,,,,anti backside spin,out backside flip,Trey Haun,
Tire grab,,basic,Grabing the front of the tire with the hand during a hop,,,,,,,Emile Mathieu,
Tire grab body varial,"Dan Heaton, DH",handstepover,grabbing unicycle by the tire (and optionally also frame) and doing a 180 body varial,Dan Heaton,,,,,,Emile Mathieu,
Tire Grab Grind,,grind,grind + tire grab,,,,,tire grab,,Noli Ergas,
Toeslide,,Prefix,"Sliding the tip of your foot/feet over the ground or preferebly floor in stuff like onefootrides, forward scuffs, nopushrolls, seat pirouettes, etc",,,https://youtu.be/EdgwfYS_EtI,0:25,,,Ivar Christenson,
Travolta,X up 630/270,wild,"Jump up, spin 630 degrees, catch the seat in the air, pull it back the other way 270° degrees, land back on pedals. You can't do it. Why even try.",Eli Brill,,https://www.youtube.com/watch?v=FmjAEJlI5Lw,,X up,,Trey Haun,
Trey antiside flip,,"spin, wrap, flip",360 antiside spin + crank flip,,,https://youtu.be/8d80Y1gmkPE?feature=shared&t=45,0:46,"360 antiside spin, trey flip",antiside flip,Trey Haun,
Trey Double Flip,,"spin, flip",360 unispin + double flip,Loic Baud,2007,https://www.youtube.com/watch?v=mey-PwBnQu8,0:37,Trey flip,,Adrien Delecroix,
Trey Flip,,"spin, flip",360 unispin + crank flip,Shaun Johanneson,,http://www.relentlessbyfate.com/tricks.php,,"Hick Flip, 360 unispin",,Emile Mathieu,
Trey flip under flip,"Trey underflip, treyunder","spin, flip",Trey flip + under flip,Christian Brink,,https://www.youtube.com/watch?v=h3XYvIlFOw8,,trey under flip,,,
Trey flip under outflip,,"spin, flip",trey flip + underflip + 180 unispin (opposite direction),Kevin Gaudilliere,,,,trey under outflip,,Jelle Dillen,
Trey kick flip,trey kick,"spin, flip",Treyflip but the wheel rotation speed is produced by a kick of the tire,,,,,hick kick flip,,Emile Mathieu,
Trey back kick flip,trey back kick,"spin, flip",Trey back flip but the wheel rotation is produced by a kick of the tire,,,,,hick back kick flip,,Trey Haun,
Trey middleflip,,"spin, flip",180 unispin + overflip +180 unispin,,,,,hick over flip,,Jelle Dillen,
Trey over double flip,trey over double,"spin, flip",360 unispn + over double flip,Maxime Peabody,,,,trey over flip,,Emile Mathieu,
Trey over flip,trey over,"spin, flip",360 Unispin + overflip,,,,,"360 unispin, over flip",,Emile Mathieu,"The naming convention of overflips don't make sense as it doesn't describe the trick directly, but it is generally accepted that a trey over flip is 360 unispin + over flip. When you want to specify a flip in the first part of the trick, simply add ""flip"". Eg Trey flip underflip = trey flip + underflip."
Trey Quad Flip,,"spin, flip",360 unispin + quad flip,Krisz Kovacs,,https://www.youtube.com/watch?v=CL5MYScWZSw,0:33,trey triple flip,,Emile Mathieu,
Trey Quint Flip,,"spin, flip",360 unispin + quint flip,Michael Bachleda,,https://youtu.be/JvWZOhl9dQA,2:25,trey quad flip,,Michael Bachleda ,
Trey side double flip,trey side double,"spin, wrap, flip",Trey side flip with 2 rotations of the wheel,,,,,trey side flip,,Emile Mathieu,
Trey side flip,,"spin, wrap, flip",360 side spin + flip,Luke Collalto,,,,"360 side spin, crank flip",trey flip,Emile Mathieu,
Trey side overflip,,"spin, wrap, flip",360 side spin + overflip,,,https://youtu.be/eYGtxf5dkLI?feature=shared&t=107,1:47,trey over flip,360 side spin,Jelle Dillen,
Trey side quad flip,trey side quad,"spin, wrap, flip",Trey side flip with 4 rotations of the wheel,Adrien Delecroix,,,,trey side triple flip,,Adrien Delecroix,
Trey side triple flip,trey side triple,"spin, wrap, flip",Trey side flip with 3 rotations of the wheel,Loïc Baud,2008,,,trey side double flip,,Adrien Delecroix,
Trey side underflip,,"spin, wrap, flip",360 sidespin + underflip,Stéphane Ranc,,,,trey under flip,360 side spin,Trey Haun,
Trey Triple Flip,,"spin, flip",360 unispin + triple flip,Adrien Delecroix,2008,,,trey double flip,,Adrien Delecroix,
Trey Under Double Flip,Trey Under Double,"spin, flip",360 Unispin + under double flip ,Christian Brink,2017,https://youtu.be/IH2GCNMNbjo,0:45,Trey under flip,,Michael Bachleda,
Trey Under Flip,"trey under, 360underflip, 3spin underflip","spin, flip",360 unispin + underflip,,,,,"360 unispin, under flip",,Emile Mathieu,
Trey under outflip,trey under out,"spin, flip",360 unispin + underflip + 180 unispin (opposite direction),,,https://youtu.be/eYGtxf5dkLI?feature=shared&t=111,1:52,trey under flip,,Jelle Dillen,
Trey under trey,,"spin, flip",360 unispin + underflip + 360 unispin in opposite direction,Manuel Vetter?,,https://youtu.be/PBRoMz2caY4?feature=shared&t=41,0:41,trey under outflip,,Trey Haun,
Triple Back Flip,,flip,"feet leave pedals, wheel does 3 rotations backwards, feet land on pedals",Mike Swarbrick,,,,double back flip,,Noli Ergas,
Triple Flip,Triple,flip,crank flip where wheel does 3 revolutions forward,Shaun Johannson,,https://www.youtube.com/watch?v=XKmh-BYLsWE,,double flip,,Emile Mathieu,
Triple Leg Wrap,,wrap,,,,,,,,,
Triple Rev,,rev,"wheel leaves ground, feet pedal the wheel through 3 revolutions, wheel lands on ground",Loïc Miara,,,,double rev,,Emile Mathieu,
Triple Swivel Grind,,grind,pedal grind where wheel does 3 full revolutions during grind,Noli Ergas,,https://www.youtube.com/watch?v=OZ6P-qRUPuU,1:48,,,Noli Ergas,
Under Flip,Thunder Flip?,flip,"feet leave the pedals, while the unicycle wheel is in mid-air, the rider's back foot kicks the backward pedal causing the wheel to do one backward revolution, feet land on pedals",,,,,no footer,,Noli Ergas,
Under Double Flip,under double,flip,"jump off pedals, then kick the back pedal with your back foot so that the wheel flips backward twice, then land back on pedals",,,,,under flip,,Trey Haun,
Uni front roll,Uni somersault,,"to do a front roll (gymnastics) with uni, ride, dive forward, roll on back, when the wheel hits the ground use momentum to return to upright, ride",,,,,,,Joe Smotherman,
Uni Transfer,,wild,jumping from one unicycle to another,,,,,,,Noli Ergas,
Uni Whip,,whip,When the whole unicycle flips (forward or back) on its vertical axis,, ,,,,,Emile Mathieu,
Uni-Somersault,Front flip,wild,"Launch into air, become upside down, become rightside up again, land on ground, keep riding",Adrien Delecroix,2011,,,,,Max Schulze,"Only landed by a handful of riders. Adrien Delecroix, Max Schulze, Emile Mathieu, Tim Desmet and Nicolas Potier"
Upstairs,,bc wheel,"On a BC wheel, ride on the bottoms of the platforms, while they are flipped up from their normal position",Spencer Hochberg?,,,,,,Nick Braun,
Vanflip,,flip,"riding seat in, feet leave pedals, one foot comes forward and pushes the tire, wheel flips once, land back on pedals",,,https://youtu.be/aCg3z_Yk3Mc?feature=shared&t=168,,no footer,,Trey Haun,
Varial Double Flip,,"varial, spin, flip",Varial flip with 2 wheel rotation,,,,,varial flip,,Emile Mathieu,
Varial Flip,,"varial, spin, flip","From seat in, 180 unispin + 180 twist (body and unicycle spin in same direction) + flip",Sabin Arditty,,http://www.relentlessbyfate.com/tricks.php,,,,Emile Mathieu,
Varial Roll,,roll,"Half rev rolling forward on the inside, twist free foot so you open to your front, place on the empty crank and roll a half rev backwards on the outside",,,,,Push Mush,,Ivar Christenson,
Varial Triple Flip,,"varial, spin, flip",Varial flip with 3 wheel rotation,Krisz Kovacs,,,,varial double flip,,Emile Mathieu,
Walk the Dog,,coast,Jump with speed and lead the uni rolling on the ground until you fall down back on it,,,,,no footer,,Ivar Christenson,
wall plant,,plant,Foot plant or Tire plant on a straight or slanted wall,,,,,,,Emile Mathieu,
Wheel Walk,,walk,"both feet push forward alternately on the tire, propelling the unicycle forward",,,https://youtu.be/byf23VSm1EA?si=lhrr0sLyJicQrONz&t=101,1:41,,,Noli Ergas,
Wolfgang roll,,roll,"between outsiderolls you transition by passing the seat in front of you, and doing the crossing necessary for foot replacing on the side so that the new coming foot goes behind the leg you’re already standing on",,,,,x roll,,Jelle Dillen,
Worm Roll,,roll,"longer version of a levitationroll, rolling your whole leg towards the wheel instead of just the foot",Pablo Codes,2017,https://youtu.be/boW8afAefOk,0:51,,,Ivar Christenson,
Wrap Roll,,roll,a rolling wrap with an extra leg wrap after the first half roll,,,,,,,Trey Haun,
X roll,,roll,"half outsideroll, cross free foot in front of standing foot (front of saddle) when at the other crank, free the other foot and roll on the outside on the new standing side",,,,,Outside Push Mush,,Ivar Christenson,
X rolling wrap,,roll,"a forward x roll where the seat transition happens behind your back like in a rolling wrap, and your transitioning leg moves in front of the tire and the leg already standing on the crank",,,,,ludwig roll,,Trey Haun,
X Up,,spin,"hop, spin a 180 unispin that is reversed 180 degrees in the opposite direction, land on pedals",,,,,180 unispin,,Noli Ergas,
X Up 360,,spin,"hop, spin a 180 unispin, spin a 360 unispin in opposite direction, land on pedals",,,,,X Up,360 unispin,Trey Haun,
X Up 540,,spin,"hop, spin a 180 unispin, spin a 540 unispin in opposite direction, land on pedals",,,,,X Up 360,540 Unispin,Trey Haun,
X up over flip,x up over,"spin, flip","180, over flip, 180 opposite direction",,,,,X up,,Trey Haun,
X up under flip,x up under,"spin, flip","180, under flip, 180 opposite direction",,,,,X up,,Trey Haun,
Zero Flip,,flip,"foot plant on the floor/ground with one foot, wheel does one rotation in the air, both feet land on pedals",,,,,,,Noli Ergas,
Zero Plant,,basic,"foot plant on the floor, no obstacle",,,,,,,Emile Mathieu,